{
	"version": 1,
	"changelists": [
		{
			"guid": "00000000000000000000000000000000",
			"description": "Default Uncontrolled Changelist",
			"files": [
				"C:/Users/home pc/Documents/Unreal Projects/CapyPlatformer/Content/Maps/FirstMap.umap",
				"C:/Users/home pc/Documents/Unreal Projects/CapyPlatformer/Content/Assets/sprites/cherry/cherry-7.uasset",
				"C:/Users/home pc/Documents/Unreal Projects/CapyPlatformer/Content/Assets/sprites/cherry/cherry-6.uasset",
				"C:/Users/home pc/Documents/Unreal Projects/CapyPlatformer/Content/Assets/sprites/cherry/cherry-5.uasset",
				"C:/Users/home pc/Documents/Unreal Projects/CapyPlatformer/Content/Assets/sprites/cherry/cherry-4.uasset",
				"C:/Users/home pc/Documents/Unreal Projects/CapyPlatformer/Content/Assets/sprites/cherry/cherry-2.uasset",
				"C:/Users/home pc/Documents/Unreal Projects/CapyPlatformer/Content/Assets/sprites/cherry/cherry-3.uasset",
				"C:/Users/home pc/Documents/Unreal Projects/CapyPlatformer/Content/Assets/sprites/cherry/cherry-1.uasset",
				"C:/Users/home pc/Documents/Unreal Projects/CapyPlatformer/Content/Assets/environment/props/tree.uasset",
				"C:/Users/home pc/Documents/Unreal Projects/CapyPlatformer/Content/Assets/environment/props/spikes.uasset",
				"C:/Users/home pc/Documents/Unreal Projects/CapyPlatformer/Content/Assets/environment/props/spikes-top.uasset",
				"C:/Users/home pc/Documents/Unreal Projects/CapyPlatformer/Content/Assets/environment/props/spike-skull.uasset",
				"C:/Users/home pc/Documents/Unreal Projects/CapyPlatformer/Content/Assets/environment/props/small-platform.uasset",
				"C:/Users/home pc/Documents/Unreal Projects/CapyPlatformer/Content/Assets/environment/props/skulls.uasset",
				"C:/Users/home pc/Documents/Unreal Projects/CapyPlatformer/Content/Assets/environment/props/sign.uasset",
				"C:/Users/home pc/Documents/Unreal Projects/CapyPlatformer/Content/Assets/environment/props/shrooms.uasset",
				"C:/Users/home pc/Documents/Unreal Projects/CapyPlatformer/Content/Assets/environment/props/rock.uasset",
				"C:/Users/home pc/Documents/Unreal Projects/CapyPlatformer/Content/Assets/environment/props/platform-long.uasset",
				"C:/Users/home pc/Documents/Unreal Projects/CapyPlatformer/Content/Assets/environment/props/house.uasset",
				"C:/Users/home pc/Documents/Unreal Projects/CapyPlatformer/Content/Assets/environment/props/face-block.uasset",
				"C:/Users/home pc/Documents/Unreal Projects/CapyPlatformer/Content/Assets/environment/props/door.uasset",
				"C:/Users/home pc/Documents/Unreal Projects/CapyPlatformer/Content/Assets/environment/props/door-opened.uasset",
				"C:/Users/home pc/Documents/Unreal Projects/CapyPlatformer/Content/Assets/environment/props/crate.uasset",
				"C:/Users/home pc/Documents/Unreal Projects/CapyPlatformer/Content/Assets/environment/props/crank-up.uasset",
				"C:/Users/home pc/Documents/Unreal Projects/CapyPlatformer/Content/Assets/environment/props/crank-down.uasset",
				"C:/Users/home pc/Documents/Unreal Projects/CapyPlatformer/Content/Assets/environment/props/bush.uasset",
				"C:/Users/home pc/Documents/Unreal Projects/CapyPlatformer/Content/Assets/environment/props/block.uasset",
				"C:/Users/home pc/Documents/Unreal Projects/CapyPlatformer/Content/Assets/environment/props/block-big.uasset",
				"C:/Users/home pc/Documents/Unreal Projects/CapyPlatformer/Content/Assets/environment/props/big-crate.uasset",
				"C:/Users/home pc/Documents/Unreal Projects/CapyPlatformer/Content/Assets/environment/layers/tileset.uasset",
				"C:/Users/home pc/Documents/Unreal Projects/CapyPlatformer/Content/Assets/environment/layers/props.uasset",
				"C:/Users/home pc/Documents/Unreal Projects/CapyPlatformer/Content/Assets/environment/layers/middle.uasset",
				"C:/Users/home pc/Documents/Unreal Projects/CapyPlatformer/Content/Assets/environment/layers/back.uasset",
				"C:/Users/home pc/Documents/Unreal Projects/CapyPlatformer/Content/Assets/environment/environment-preview.uasset",
				"C:/Users/home pc/Documents/Unreal Projects/CapyPlatformer/Content/Assets/sprites/eagle/eagle-attack-1.uasset",
				"C:/Users/home pc/Documents/Unreal Projects/CapyPlatformer/Content/Assets/sprites/eagle/eagle-attack-2.uasset",
				"C:/Users/home pc/Documents/Unreal Projects/CapyPlatformer/Content/Assets/sprites/eagle/eagle-attack-3.uasset",
				"C:/Users/home pc/Documents/Unreal Projects/CapyPlatformer/Content/Assets/sprites/eagle/eagle-attack-4.uasset",
				"C:/Users/home pc/Documents/Unreal Projects/CapyPlatformer/Content/Assets/sprites/enemy-death/enemy-death-1.uasset",
				"C:/Users/home pc/Documents/Unreal Projects/CapyPlatformer/Content/Assets/sprites/enemy-death/enemy-death-2.uasset",
				"C:/Users/home pc/Documents/Unreal Projects/CapyPlatformer/Content/Assets/sprites/enemy-death/enemy-death-3.uasset",
				"C:/Users/home pc/Documents/Unreal Projects/CapyPlatformer/Content/Assets/sprites/enemy-death/enemy-death-4.uasset",
				"C:/Users/home pc/Documents/Unreal Projects/CapyPlatformer/Content/Assets/sprites/enemy-death/enemy-death-5.uasset",
				"C:/Users/home pc/Documents/Unreal Projects/CapyPlatformer/Content/Assets/sprites/enemy-death/enemy-death-6.uasset",
				"C:/Users/home pc/Documents/Unreal Projects/CapyPlatformer/Content/Assets/sprites/frog/idle/frog-idle-1.uasset",
				"C:/Users/home pc/Documents/Unreal Projects/CapyPlatformer/Content/Assets/sprites/frog/idle/frog-idle-2.uasset",
				"C:/Users/home pc/Documents/Unreal Projects/CapyPlatformer/Content/Assets/sprites/frog/idle/frog-idle-3.uasset",
				"C:/Users/home pc/Documents/Unreal Projects/CapyPlatformer/Content/Assets/sprites/frog/idle/frog-idle-4.uasset",
				"C:/Users/home pc/Documents/Unreal Projects/CapyPlatformer/Content/Assets/sprites/frog/jump/frog-jump-1.uasset",
				"C:/Users/home pc/Documents/Unreal Projects/CapyPlatformer/Content/Assets/sprites/frog/jump/frog-jump-2.uasset",
				"C:/Users/home pc/Documents/Unreal Projects/CapyPlatformer/Content/Assets/sprites/gem/gem-1.uasset",
				"C:/Users/home pc/Documents/Unreal Projects/CapyPlatformer/Content/Assets/sprites/gem/gem-2.uasset",
				"C:/Users/home pc/Documents/Unreal Projects/CapyPlatformer/Content/Assets/sprites/gem/gem-3.uasset",
				"C:/Users/home pc/Documents/Unreal Projects/CapyPlatformer/Content/Assets/sprites/gem/gem-4.uasset",
				"C:/Users/home pc/Documents/Unreal Projects/CapyPlatformer/Content/Assets/sprites/gem/gem-5.uasset",
				"C:/Users/home pc/Documents/Unreal Projects/CapyPlatformer/Content/Assets/sprites/item-feedback/item-feedback-1.uasset",
				"C:/Users/home pc/Documents/Unreal Projects/CapyPlatformer/Content/Assets/sprites/item-feedback/item-feedback-2.uasset",
				"C:/Users/home pc/Documents/Unreal Projects/CapyPlatformer/Content/Assets/sprites/item-feedback/item-feedback-3.uasset",
				"C:/Users/home pc/Documents/Unreal Projects/CapyPlatformer/Content/Assets/sprites/item-feedback/item-feedback-4.uasset",
				"C:/Users/home pc/Documents/Unreal Projects/CapyPlatformer/Content/Assets/sprites/opossum/opossum-1.uasset",
				"C:/Users/home pc/Documents/Unreal Projects/CapyPlatformer/Content/Assets/sprites/opossum/opossum-2.uasset",
				"C:/Users/home pc/Documents/Unreal Projects/CapyPlatformer/Content/Assets/sprites/opossum/opossum-3.uasset",
				"C:/Users/home pc/Documents/Unreal Projects/CapyPlatformer/Content/Assets/sprites/opossum/opossum-4.uasset",
				"C:/Users/home pc/Documents/Unreal Projects/CapyPlatformer/Content/Assets/sprites/opossum/opossum-5.uasset",
				"C:/Users/home pc/Documents/Unreal Projects/CapyPlatformer/Content/Assets/sprites/opossum/opossum-6.uasset",
				"C:/Users/home pc/Documents/Unreal Projects/CapyPlatformer/Content/Assets/sprites/player/climb/player-climb-1.uasset",
				"C:/Users/home pc/Documents/Unreal Projects/CapyPlatformer/Content/Assets/sprites/player/climb/player-climb-2.uasset",
				"C:/Users/home pc/Documents/Unreal Projects/CapyPlatformer/Content/Assets/sprites/player/climb/player-climb-3.uasset",
				"C:/Users/home pc/Documents/Unreal Projects/CapyPlatformer/Content/Assets/sprites/player/crouch/player-crouch-1.uasset",
				"C:/Users/home pc/Documents/Unreal Projects/CapyPlatformer/Content/Assets/sprites/player/crouch/player-crouch-2.uasset",
				"C:/Users/home pc/Documents/Unreal Projects/CapyPlatformer/Content/Assets/sprites/player/hurt/player-hurt-1.uasset",
				"C:/Users/home pc/Documents/Unreal Projects/CapyPlatformer/Content/Assets/sprites/player/hurt/player-hurt-2.uasset",
				"C:/Users/home pc/Documents/Unreal Projects/CapyPlatformer/Content/Assets/sprites/player/idle/player-idle-1.uasset",
				"C:/Users/home pc/Documents/Unreal Projects/CapyPlatformer/Content/Assets/sprites/player/idle/player-idle-2.uasset",
				"C:/Users/home pc/Documents/Unreal Projects/CapyPlatformer/Content/Assets/sprites/player/idle/player-idle-3.uasset",
				"C:/Users/home pc/Documents/Unreal Projects/CapyPlatformer/Content/Assets/sprites/player/idle/player-idle-4.uasset",
				"C:/Users/home pc/Documents/Unreal Projects/CapyPlatformer/Content/Assets/sprites/player/jump/player-jump-1.uasset",
				"C:/Users/home pc/Documents/Unreal Projects/CapyPlatformer/Content/Assets/sprites/player/jump/player-jump-2.uasset",
				"C:/Users/home pc/Documents/Unreal Projects/CapyPlatformer/Content/Assets/sprites/player/run/player-run-1.uasset",
				"C:/Users/home pc/Documents/Unreal Projects/CapyPlatformer/Content/Assets/sprites/player/run/player-run-2.uasset",
				"C:/Users/home pc/Documents/Unreal Projects/CapyPlatformer/Content/Assets/sprites/player/run/player-run-3.uasset",
				"C:/Users/home pc/Documents/Unreal Projects/CapyPlatformer/Content/Assets/sprites/player/run/player-run-4.uasset",
				"C:/Users/home pc/Documents/Unreal Projects/CapyPlatformer/Content/Assets/sprites/player/run/player-run-5.uasset",
				"C:/Users/home pc/Documents/Unreal Projects/CapyPlatformer/Content/Assets/sprites/player/run/player-run-6.uasset",
				"C:/Users/home pc/Documents/Unreal Projects/CapyPlatformer/Content/Assets/spritesheets/cherry.uasset",
				"C:/Users/home pc/Documents/Unreal Projects/CapyPlatformer/Content/Assets/spritesheets/eagle-attack.uasset",
				"C:/Users/home pc/Documents/Unreal Projects/CapyPlatformer/Content/Assets/spritesheets/enemy-deadth.uasset",
				"C:/Users/home pc/Documents/Unreal Projects/CapyPlatformer/Content/Assets/spritesheets/frog-idle.uasset",
				"C:/Users/home pc/Documents/Unreal Projects/CapyPlatformer/Content/Assets/spritesheets/frog-jump.uasset",
				"C:/Users/home pc/Documents/Unreal Projects/CapyPlatformer/Content/Assets/spritesheets/gem.uasset",
				"C:/Users/home pc/Documents/Unreal Projects/CapyPlatformer/Content/Assets/spritesheets/oposum.uasset",
				"C:/Users/home pc/Documents/Unreal Projects/CapyPlatformer/Content/Assets/spritesheets/payer-run.uasset",
				"C:/Users/home pc/Documents/Unreal Projects/CapyPlatformer/Content/Assets/spritesheets/player-climb.uasset",
				"C:/Users/home pc/Documents/Unreal Projects/CapyPlatformer/Content/Assets/spritesheets/player-crouch.uasset",
				"C:/Users/home pc/Documents/Unreal Projects/CapyPlatformer/Content/Assets/spritesheets/player-hurt.uasset",
				"C:/Users/home pc/Documents/Unreal Projects/CapyPlatformer/Content/Assets/spritesheets/player-idle.uasset",
				"C:/Users/home pc/Documents/Unreal Projects/CapyPlatformer/Content/Assets/spritesheets/player-jump.uasset",
				"C:/Users/home pc/Documents/Unreal Projects/CapyPlatformer/Content/Assets/environment/layers/back_Sprite.uasset",
				"C:/Users/home pc/Documents/Unreal Projects/CapyPlatformer/Content/Assets/environment/layers/tileset_TileSet.uasset",
				"C:/Users/home pc/Documents/Unreal Projects/CapyPlatformer/Content/Assets/Player/CapyIdle.uasset",
				"C:/Users/home pc/Documents/Unreal Projects/CapyPlatformer/Content/Assets/environment/layers/defaultmap.uasset",
				"C:/Users/home pc/Documents/Unreal Projects/CapyPlatformer/Content/Assets/Player/idleTile.uasset",
				"C:/Users/home pc/Documents/Unreal Projects/CapyPlatformer/Content/Assets/Player/idleTile_Sprite_2.uasset",
				"C:/Users/home pc/Documents/Unreal Projects/CapyPlatformer/Content/Assets/Player/idleTile_Sprite_3.uasset",
				"C:/Users/home pc/Documents/Unreal Projects/CapyPlatformer/Content/Assets/Player/idleTile_Sprite_4.uasset",
				"C:/Users/home pc/Documents/Unreal Projects/CapyPlatformer/Content/Assets/Player/idleTile_Sprite_5.uasset",
				"C:/Users/home pc/Documents/Unreal Projects/CapyPlatformer/Content/Assets/Player/idleTile_Sprite_6.uasset",
				"C:/Users/home pc/Documents/Unreal Projects/CapyPlatformer/Content/Assets/Player/capyidleBP.uasset",
				"C:/Users/home pc/Documents/Unreal Projects/CapyPlatformer/Content/Assets/Player/GameModeBP.uasset"
			]
		}
	]
}